method,error,runtime_s,peak_mem_mb,pi_sum,layer_acc,mass_same_layer,label_ari,pair,sample_A,sample_B,n_A,n_B
incent,,73.064692509,321.891845,1.0000000000242042,0.985,0.37870897062345216,0.964461582541502,151673-151674,151673,151674,1000,1000
paste2,,4.299420618000113,148.799078,0.9899999999999995,0.459,0.463636363636362,0.19615332473326272,151673-151674,151673,151674,1000,1000
moscot,,27.955419955000252,84.016956,0.9999997019767761,0.457,0.4504838893210777,0.20244939954043026,151673-151674,151673,151674,1000,1000
incent,,61.17574454700025,228.226769,1.0000000001007974,0.856,0.34584277499175614,0.7288728293162499,151675-151676,151675,151676,1000,1000
paste2,,4.8820871109996915,150.32246,0.9899999999999995,0.401,0.4050505050505066,0.17555223769954859,151675-151676,151675,151676,1000,1000
moscot,,19.2376856650003,20.436062,0.9999995827674866,0.378,0.3785714431052855,0.18078895994214683,151675-151676,151675,151676,1000,1000
